{
	"bl": [
		[
			[
				-4.694261614709721,
				-2.938354182895647,
				-4.353309157883394,
				-4.6042852763688416,
				-4.829109218030598,
				-0.6312657893293928,
				-4.207767461124034,
				-3.350339146823018,
				-5.060783159775272,
				9.298817100246026,
				-4.639340821441557,
				-0.41891584524544234
			]
		],
		[
			[
				-10.282763910762808,
				-2.656446789601747,
				3.3534373061009695,
				-9.816718352753979,
				-5.5808636867023695,
				-2.3210020102694116,
				-6.831441169619352,
				-11.288706307601368,
				-1.5694792599614897
			]
		]
	],
	"hl": [
		12,
		9
	],
	"i": 3,
	"lr": 0.005,
	"wl": [
		[
			[
				-1.979730269499313,
				-0.9940373424956507,
				-1.7241548683988925,
				-2.2595193735492147,
				-1.8338896877722908,
				6.776258345644547,
				-1.7499745595667542,
				8.487099002746888,
				-1.849064543289493,
				-9.28815604976163,
				-1.1176023203092234,
				0.5836259223044007
			],
			[
				-1.6724132655020585,
				-2.699668199010892,
				-2.04692131031239,
				-1.1916998644542938,
				-1.6659765964009199,
				-3.250357572960925,
				-2.0985210369913663,
				-2.705369530732921,
				-1.6056322583292453,
				-3.8360767179447977,
				-1.7890578614409254,
				7.107102631835389
			],
			[
				-2.196282747275111,
				-3.1232816263705256,
				-1.9534198654083283,
				-3.1423963112908218,
				-1.0266291009600803,
				-3.160712863129317,
				-2.307057407697927,
				-4.961138283354372,
				-1.7145288605393774,
				-0.7735323693881478,
				-1.6042780169578756,
				-9.482353689084759
			]
		],
		[
			[
				-0.011737224968283824,
				0.8179540504358974,
				-0.02362650667302421,
				0.3401616951349807,
				0.2124341708596457,
				0.375445756327267,
				0.22355443900102084,
				0.9309806899975123,
				0.44402265498927274
			],
			[
				1.5305288987792183,
				-0.1714441628341994,
				0.018681243500522117,
				0.3102534736883938,
				0.35168751241088775,
				-0.1674520584214193,
				0.8159752241883972,
				0.976411444286402,
				0.20188586761120217
			],
			[
				0.50531734566196,
				0.5741437471652537,
				0.70650197277009,
				-0.160160785125958,
				0.4601490997693487,
				0.07802250196471752,
				0.5161546408471266,
				0.9458215961402234,
				0.1464749178942587
			],
			[
				0.14326796578126288,
				1.2222439062927688,
				-0.1589161948390274,
				0.058867012916353954,
				0.2824960177055766,
				0.18509699342454242,
				-0.08458715804838626,
				0.7157570316303479,
				0.7525032837849754
			],
			[
				0.381188777955571,
				-0.13216329424766793,
				0.6538802784402221,
				0.7453567571965911,
				0.4752623967972105,
				0.7204771503249833,
				0.20279095986067058,
				0.22701734783398703,
				-0.029803103463121962
			],
			[
				1.982016840775353,
				-9.452806527140233,
				-8.712173088510164,
				7.504303989799598,
				2.999099512622839,
				6.60605809883493,
				9.213080991062736,
				8.928457338936253,
				-0.5043410131585112
			],
			[
				0.9860748421287707,
				0.6864279587003576,
				0.2371883045169183,
				0.739814301197068,
				-0.10207426345349252,
				-0.1978724549627639,
				0.9200770947871136,
				0.6265013022275114,
				0.5394423268520933
			],
			[
				7.000955786792137,
				-3.8029009390132122,
				-1.9693433059165686,
				0.5865767377106017,
				-2.657750401931617,
				-1.0701249623881974,
				-9.77849903377316,
				-4.019833233616465,
				-1.4989934580118573
			],
			[
				0.7452843411785105,
				0.5775955044923569,
				0.8289397294715424,
				0.756894309379594,
				0.6005724524905511,
				-0.02630809962626919,
				0.36312235607229565,
				0.44579103735490716,
				0.011208619819523459
			],
			[
				4.820490356649366,
				0.1168406918483993,
				-0.5792608499748607,
				-1.4815036607900431,
				-7.102572969909889,
				-4.972988656617207,
				4.355228530636618,
				3.678343544901188,
				-1.5118558166272897
			],
			[
				0.65146306953737,
				-0.03031335867109397,
				0.6138413780058207,
				0.06964676504491885,
				0.6189285448217742,
				0.653350007697588,
				0.12354909239283032,
				0.4671076499208664,
				-0.003031458990281247
			],
			[
				-1.366679991429901,
				12.56941565967316,
				-10.855468199365204,
				2.868613076469999,
				5.587523470511559,
				-5.854427251572732,
				-8.844301482389765,
				2.9640560343670836,
				-0.41448399393179564
			]
		]
	]
}